{"cameraMode":{"drawMode":0,"name":"Shaded","section":"Shading Mode"},"sceneLighting":false,"audioPlay":false,"sceneViewState":{"m_AlwaysRefresh":false,"showFog":true,"showSkybox":false,"showFlares":true,"showImageEffects":true,"showParticleSystems":true,"showVisualEffectGraphs":true,"m_FxEnabled":true},"in2DMode":false,"pivot":{"x":-0.9622262120246887,"y":0.987966001033783,"z":37.470794677734378},"rotation":{"x":2.117939287490933e-12,"y":0.9999896883964539,"z":1.1614262884762639e-9,"w":-0.004500008188188076},"size":1.751423954963684,"orthographic":true}