{"cameraMode":{"drawMode":0,"name":"Shaded","section":"Shading Mode"},"sceneLighting":false,"audioPlay":false,"sceneViewState":{"m_AlwaysRefresh":false,"showFog":true,"showSkybox":false,"showFlares":true,"showImageEffects":true,"showParticleSystems":true,"showVisualEffectGraphs":true,"m_FxEnabled":true},"in2DMode":false,"pivot":{"x":7.590062618255615,"y":1.1648222208023072,"z":18.828327178955079},"rotation":{"x":0.10233347862958908,"y":0.6009507775306702,"z":-0.07795462012290955,"w":0.7888729572296143},"size":1.2869961261749268,"orthographic":false}