{"cameraMode":{"drawMode":0,"name":"Shaded","section":"Shading Mode"},"sceneLighting":false,"audioPlay":false,"sceneViewState":{"m_AlwaysRefresh":false,"showFog":true,"showSkybox":false,"showFlares":true,"showImageEffects":true,"showParticleSystems":true,"showVisualEffectGraphs":true,"m_FxEnabled":true},"in2DMode":false,"pivot":{"x":10.000722885131836,"y":1.8572499752044678,"z":19.870622634887697},"rotation":{"x":0.1133459284901619,"y":-0.23752498626708985,"z":0.02791796810925007,"w":0.9643435478210449},"size":4.6038079261779789,"orthographic":true}