{"cameraMode":{"drawMode":0,"name":"Shaded","section":"Shading Mode"},"sceneLighting":false,"audioPlay":false,"sceneViewState":{"m_AlwaysRefresh":false,"showFog":true,"showSkybox":false,"showFlares":true,"showImageEffects":true,"showParticleSystems":true,"showVisualEffectGraphs":true,"m_FxEnabled":true},"in2DMode":false,"pivot":{"x":6.320911407470703,"y":0.6964895725250244,"z":147.49330139160157},"rotation":{"x":0.0013223898131400347,"y":0.9986221194267273,"z":-0.041966795921325687,"w":0.031467005610466},"size":3.747620105743408,"orthographic":false}