{"cameraMode":{"drawMode":0,"name":"Shaded","section":"Shading Mode"},"sceneLighting":false,"audioPlay":false,"sceneViewState":{"m_AlwaysRefresh":false,"showFog":true,"showSkybox":false,"showFlares":true,"showImageEffects":true,"showParticleSystems":true,"showVisualEffectGraphs":true,"m_FxEnabled":true},"in2DMode":false,"pivot":{"x":9.650347709655762,"y":0.7551910877227783,"z":17.041667938232423},"rotation":{"x":0.004499982576817274,"y":1.5748513604307846e-9,"z":7.096826598607109e-11,"w":0.9999893307685852},"size":1.2869961261749268,"orthographic":true}