{"cameraMode":{"drawMode":0,"name":"Shaded","section":"Shading Mode"},"sceneLighting":false,"audioPlay":false,"sceneViewState":{"m_AlwaysRefresh":false,"showFog":true,"showSkybox":false,"showFlares":true,"showImageEffects":true,"showParticleSystems":true,"showVisualEffectGraphs":true,"m_FxEnabled":true},"in2DMode":false,"pivot":{"x":-4.194332122802734,"y":-0.01902003213763237,"z":23.574325561523439},"rotation":{"x":0.00022780647850595415,"y":-1.0000574588775635,"z":-0.01080082543194294,"w":-0.006866354029625654},"size":3.1913654804229738,"orthographic":true}