{"cameraMode":{"drawMode":0,"name":"Shaded","section":"Shading Mode"},"sceneLighting":false,"audioPlay":false,"sceneViewState":{"m_AlwaysRefresh":false,"showFog":true,"showSkybox":false,"showFlares":true,"showImageEffects":true,"showParticleSystems":true,"showVisualEffectGraphs":true,"m_FxEnabled":true},"in2DMode":false,"pivot":{"x":2.1007580757141115,"y":0.7465212345123291,"z":-0.7707164287567139},"rotation":{"x":-0.00005338379924069159,"y":0.88243168592453,"z":-0.4705638289451599,"w":-0.000026813202566700056},"size":4.9967451095581059,"orthographic":false}