{"cameraMode":{"drawMode":0,"name":"Shaded","section":"Shading Mode"},"sceneLighting":false,"audioPlay":false,"sceneViewState":{"m_AlwaysRefresh":false,"showFog":true,"showSkybox":false,"showFlares":true,"showImageEffects":true,"showParticleSystems":true,"showVisualEffectGraphs":true,"m_FxEnabled":true},"in2DMode":false,"pivot":{"x":110.26270294189453,"y":0.9692971706390381,"z":226.07876586914063},"rotation":{"x":0.08390071988105774,"y":-0.0038835082668811085,"z":0.0003270998422522098,"w":0.9964686036109924},"size":2.6027824878692629,"orthographic":true}