{"cameraMode":{"drawMode":0,"name":"Shaded","section":"Shading Mode"},"sceneLighting":true,"audioPlay":false,"sceneViewState":{"m_AlwaysRefresh":false,"showFog":true,"showSkybox":true,"showFlares":true,"showImageEffects":true,"showParticleSystems":true,"showVisualEffectGraphs":true,"m_FxEnabled":true},"in2DMode":false,"pivot":{"x":-26.076744079589845,"y":-4.155335426330566,"z":-25.61070442199707},"rotation":{"x":0.13724666833877564,"y":-0.3874284625053406,"z":0.058401983231306079,"w":0.9098686575889587},"size":13.510210037231446,"orthographic":false}