{"cameraMode":{"drawMode":0,"name":"Shaded","section":"Shading Mode"},"sceneLighting":false,"audioPlay":false,"sceneViewState":{"m_AlwaysRefresh":false,"showFog":true,"showSkybox":false,"showFlares":true,"showImageEffects":true,"showParticleSystems":true,"showVisualEffectGraphs":true,"m_FxEnabled":true},"in2DMode":false,"pivot":{"x":1.9517412185668946,"y":0.40368956327438357,"z":1.7631471157073975},"rotation":{"x":0.021814126521348954,"y":0.5889310836791992,"z":-0.01590503752231598,"w":0.807734489440918},"size":6.139728546142578,"orthographic":false}