{"cameraMode":{"drawMode":0,"name":"Shaded","section":"Shading Mode"},"sceneLighting":false,"audioPlay":false,"sceneViewState":{"m_AlwaysRefresh":false,"showFog":true,"showSkybox":false,"showFlares":true,"showImageEffects":true,"showParticleSystems":true,"showVisualEffectGraphs":true,"m_FxEnabled":true},"in2DMode":false,"pivot":{"x":19.452011108398439,"y":0.13981032371520997,"z":102.03421020507813},"rotation":{"x":0.06894334405660629,"y":0.007482084911316633,"z":-0.000517084903549403,"w":0.9975926280021668},"size":5.403651714324951,"orthographic":false}