{"cameraMode":{"drawMode":0,"name":"Shaded","section":"Shading Mode"},"sceneLighting":false,"audioPlay":false,"sceneViewState":{"m_AlwaysRefresh":false,"showFog":true,"showSkybox":false,"showFlares":true,"showImageEffects":true,"showParticleSystems":true,"showVisualEffectGraphs":true,"m_FxEnabled":true},"in2DMode":false,"pivot":{"x":-0.799615740776062,"y":0.8527610301971436,"z":0.5409312844276428},"rotation":{"x":0.045285068452358249,"y":-0.0044976877979934219,"z":0.00020298795425333083,"w":0.998969316482544},"size":2.9479737281799318,"orthographic":true}