{"cameraMode":{"drawMode":0,"name":"Shaded","section":"Shading Mode"},"sceneLighting":false,"audioPlay":false,"sceneViewState":{"m_AlwaysRefresh":false,"showFog":true,"showSkybox":false,"showFlares":true,"showImageEffects":true,"showParticleSystems":true,"showVisualEffectGraphs":true,"m_FxEnabled":true},"in2DMode":false,"pivot":{"x":2.7717247009277345,"y":0.4397987127304077,"z":0.3641127347946167},"rotation":{"x":0.0010558534413576127,"y":0.7102810144424439,"z":-0.0010654254583641887,"w":0.7039167881011963},"size":3.560718297958374,"orthographic":true}