{"cameraMode":{"drawMode":0,"name":"Shaded","section":"Shading Mode"},"sceneLighting":false,"audioPlay":false,"sceneViewState":{"m_AlwaysRefresh":false,"showFog":true,"showSkybox":false,"showFlares":true,"showImageEffects":true,"showParticleSystems":true,"showVisualEffectGraphs":true,"m_FxEnabled":true},"in2DMode":false,"pivot":{"x":-12.15999984741211,"y":2.400508165359497,"z":0.09111690521240235},"rotation":{"x":0.008683441206812859,"y":0.9712081551551819,"z":-0.23582136631011964,"w":0.03615236654877663},"size":6.671026706695557,"orthographic":false}